"","decimalLongitude","decimalLatitude","individualCount","species","year","month","country","occurrenceStatus","coordinateUncertaintyInMeters","datasetName","datasetKey"
"1",153.202317,-27.541245,NA,"Litoria fallax",2024,1,"Australia","PRESENT",10,"iNaturalist research-grade observations","50c9509d-22c7-4a22-a47d-8c48425ef4a7"
"2",152.82335,-26.717085,NA,"Litoria fallax",2024,1,"Australia","PRESENT",15,"iNaturalist research-grade observations","50c9509d-22c7-4a22-a47d-8c48425ef4a7"
"3",153.02628,-30.887852,NA,"Litoria fallax",2024,1,"Australia","PRESENT",24,"iNaturalist research-grade observations","50c9509d-22c7-4a22-a47d-8c48425ef4a7"
"4",152.776795,-26.796463,NA,"Litoria fallax",2024,1,"Australia","PRESENT",4,"iNaturalist research-grade observations","50c9509d-22c7-4a22-a47d-8c48425ef4a7"
"5",152.844283,-27.152955,NA,"Litoria fallax",2024,1,"Australia","PRESENT",3,"iNaturalist research-grade observations","50c9509d-22c7-4a22-a47d-8c48425ef4a7"
"6",145.232072,-37.714662,NA,"Litoria fallax",2024,1,"Australia","PRESENT",4,"iNaturalist research-grade observations","50c9509d-22c7-4a22-a47d-8c48425ef4a7"
"7",153.386053,-28.008295,NA,"Litoria fallax",2024,1,"Australia","PRESENT",19,"iNaturalist research-grade observations","50c9509d-22c7-4a22-a47d-8c48425ef4a7"
"8",145.101182,-37.864329,NA,"Litoria fallax",2024,1,"Australia","PRESENT",39,"iNaturalist research-grade observations","50c9509d-22c7-4a22-a47d-8c48425ef4a7"
"9",145.723689,-16.807653,NA,"Litoria fallax",2024,1,"Australia","PRESENT",5,"iNaturalist research-grade observations","50c9509d-22c7-4a22-a47d-8c48425ef4a7"
"10",150.630366,-33.848118,NA,"Litoria fallax",2024,1,"Australia","PRESENT",29,"iNaturalist research-grade observations","50c9509d-22c7-4a22-a47d-8c48425ef4a7"
"11",152.88546,-26.77765,NA,"Litoria fallax",2024,1,"Australia","PRESENT",8,"iNaturalist research-grade observations","50c9509d-22c7-4a22-a47d-8c48425ef4a7"
"12",151.203524,-34.022235,NA,"Litoria fallax",2024,1,"Australia","PRESENT",76,"iNaturalist research-grade observations","50c9509d-22c7-4a22-a47d-8c48425ef4a7"
"13",149.877422,-36.410244,NA,"Litoria fallax",2024,1,"Australia","PRESENT",15,"iNaturalist research-grade observations","50c9509d-22c7-4a22-a47d-8c48425ef4a7"
"14",151.106976,-33.750471,NA,"Litoria fallax",2024,1,"Australia","PRESENT",8,"iNaturalist research-grade observations","50c9509d-22c7-4a22-a47d-8c48425ef4a7"
"15",151.031739,-33.792983,NA,"Litoria fallax",2024,1,"Australia","PRESENT",6,"iNaturalist research-grade observations","50c9509d-22c7-4a22-a47d-8c48425ef4a7"
"16",151.32875,-33.27677,NA,"Litoria fallax",2024,1,"Australia","PRESENT",10,"iNaturalist research-grade observations","50c9509d-22c7-4a22-a47d-8c48425ef4a7"
"17",151.113798,-33.77203,NA,"Litoria fallax",2024,1,"Australia","PRESENT",8,"iNaturalist research-grade observations","50c9509d-22c7-4a22-a47d-8c48425ef4a7"
"18",145.631354,-17.309335,NA,"Litoria fallax",2024,1,"Australia","PRESENT",72,"iNaturalist research-grade observations","50c9509d-22c7-4a22-a47d-8c48425ef4a7"
"19",150.608513,-33.993806,NA,"Litoria fallax",2024,1,"Australia","PRESENT",35,"iNaturalist research-grade observations","50c9509d-22c7-4a22-a47d-8c48425ef4a7"
"20",152.128774,-26.871937,NA,"Litoria fallax",2024,1,"Australia","PRESENT",122,"iNaturalist research-grade observations","50c9509d-22c7-4a22-a47d-8c48425ef4a7"
"21",150.848385,-34.573913,NA,"Litoria fallax",2024,1,"Australia","PRESENT",20,"iNaturalist research-grade observations","50c9509d-22c7-4a22-a47d-8c48425ef4a7"
"22",150.861313,-34.650263,NA,"Litoria fallax",2024,1,"Australia","PRESENT",4,"iNaturalist research-grade observations","50c9509d-22c7-4a22-a47d-8c48425ef4a7"
"23",151.11403,-33.771769,NA,"Litoria fallax",2024,1,"Australia","PRESENT",18,"iNaturalist research-grade observations","50c9509d-22c7-4a22-a47d-8c48425ef4a7"
"24",150.161535,-35.75259,NA,"Litoria fallax",2024,1,"Australia","PRESENT",122,"iNaturalist research-grade observations","50c9509d-22c7-4a22-a47d-8c48425ef4a7"
"25",152.642931,-30.445151,NA,"Litoria fallax",2024,1,"Australia","PRESENT",68,"iNaturalist research-grade observations","50c9509d-22c7-4a22-a47d-8c48425ef4a7"
"26",152.958623,-26.373453,NA,"Litoria fallax",2024,1,"Australia","PRESENT",4,"iNaturalist research-grade observations","50c9509d-22c7-4a22-a47d-8c48425ef4a7"
"27",152.683503,-30.809217,NA,"Litoria fallax",2024,1,"Australia","PRESENT",4,"iNaturalist research-grade observations","50c9509d-22c7-4a22-a47d-8c48425ef4a7"
"28",151.149255,-33.664555,NA,"Litoria fallax",2024,1,"Australia","PRESENT",11,"iNaturalist research-grade observations","50c9509d-22c7-4a22-a47d-8c48425ef4a7"
"29",151.149304,-33.664542,NA,"Litoria fallax",2024,1,"Australia","PRESENT",11,"iNaturalist research-grade observations","50c9509d-22c7-4a22-a47d-8c48425ef4a7"
"30",151.149265,-33.66456,NA,"Litoria fallax",2024,1,"Australia","PRESENT",5,"iNaturalist research-grade observations","50c9509d-22c7-4a22-a47d-8c48425ef4a7"
"31",151.115067,-33.769583,NA,"Litoria fallax",2024,1,"Australia","PRESENT",4,"iNaturalist research-grade observations","50c9509d-22c7-4a22-a47d-8c48425ef4a7"
"32",151.11505,-33.769539,NA,"Litoria fallax",2024,1,"Australia","PRESENT",4,"iNaturalist research-grade observations","50c9509d-22c7-4a22-a47d-8c48425ef4a7"
"33",151.115081,-33.769528,NA,"Litoria fallax",2024,1,"Australia","PRESENT",4,"iNaturalist research-grade observations","50c9509d-22c7-4a22-a47d-8c48425ef4a7"
"34",151.297713,-32.773963,NA,"Litoria fallax",2024,1,"Australia","PRESENT",9,"iNaturalist research-grade observations","50c9509d-22c7-4a22-a47d-8c48425ef4a7"
"35",150.16368,-35.754626,NA,"Litoria fallax",2024,1,"Australia","PRESENT",10,"iNaturalist research-grade observations","50c9509d-22c7-4a22-a47d-8c48425ef4a7"
"36",150.163598,-35.754596,NA,"Litoria fallax",2024,1,"Australia","PRESENT",10,"iNaturalist research-grade observations","50c9509d-22c7-4a22-a47d-8c48425ef4a7"
"37",150.163658,-35.754585,NA,"Litoria fallax",2024,1,"Australia","PRESENT",10,"iNaturalist research-grade observations","50c9509d-22c7-4a22-a47d-8c48425ef4a7"
"38",150.163651,-35.754687,NA,"Litoria fallax",2024,1,"Australia","PRESENT",3,"iNaturalist research-grade observations","50c9509d-22c7-4a22-a47d-8c48425ef4a7"
"39",150.163646,-35.754614,NA,"Litoria fallax",2024,1,"Australia","PRESENT",2,"iNaturalist research-grade observations","50c9509d-22c7-4a22-a47d-8c48425ef4a7"
"40",151.113094,-33.772257,NA,"Litoria fallax",2024,1,"Australia","PRESENT",6,"iNaturalist research-grade observations","50c9509d-22c7-4a22-a47d-8c48425ef4a7"
"41",151.184464,-33.910642,NA,"Litoria fallax",2024,1,"Australia","PRESENT",12,"iNaturalist research-grade observations","50c9509d-22c7-4a22-a47d-8c48425ef4a7"
"42",151.184433,-33.911228,NA,"Litoria fallax",2024,1,"Australia","PRESENT",5,"iNaturalist research-grade observations","50c9509d-22c7-4a22-a47d-8c48425ef4a7"
"43",151.184447,-33.911097,NA,"Litoria fallax",2024,1,"Australia","PRESENT",25,"iNaturalist research-grade observations","50c9509d-22c7-4a22-a47d-8c48425ef4a7"
"44",151.184511,-33.911061,NA,"Litoria fallax",2024,1,"Australia","PRESENT",13,"iNaturalist research-grade observations","50c9509d-22c7-4a22-a47d-8c48425ef4a7"
"45",151.184403,-33.911225,NA,"Litoria fallax",2024,1,"Australia","PRESENT",85,"iNaturalist research-grade observations","50c9509d-22c7-4a22-a47d-8c48425ef4a7"
"46",151.184386,-33.911214,NA,"Litoria fallax",2024,1,"Australia","PRESENT",19,"iNaturalist research-grade observations","50c9509d-22c7-4a22-a47d-8c48425ef4a7"
"47",151.114524,-33.77082,NA,"Litoria fallax",2024,2,"Australia","PRESENT",28,"iNaturalist research-grade observations","50c9509d-22c7-4a22-a47d-8c48425ef4a7"
"48",151.114057,-33.771727,NA,"Litoria fallax",2024,2,"Australia","PRESENT",23,"iNaturalist research-grade observations","50c9509d-22c7-4a22-a47d-8c48425ef4a7"
"49",151.11392,-33.771866,NA,"Litoria fallax",2024,2,"Australia","PRESENT",70,"iNaturalist research-grade observations","50c9509d-22c7-4a22-a47d-8c48425ef4a7"
"50",151.114517,-33.770836,NA,"Litoria fallax",2024,2,"Australia","PRESENT",31,"iNaturalist research-grade observations","50c9509d-22c7-4a22-a47d-8c48425ef4a7"
"51",151.114112,-33.77152,NA,"Litoria fallax",2024,2,"Australia","PRESENT",45,"iNaturalist research-grade observations","50c9509d-22c7-4a22-a47d-8c48425ef4a7"
"52",151.113815,-33.771839,NA,"Litoria fallax",2024,2,"Australia","PRESENT",24,"iNaturalist research-grade observations","50c9509d-22c7-4a22-a47d-8c48425ef4a7"
"53",151.113801,-33.771844,NA,"Litoria fallax",2024,2,"Australia","PRESENT",24,"iNaturalist research-grade observations","50c9509d-22c7-4a22-a47d-8c48425ef4a7"
"54",151.113808,-33.771828,NA,"Litoria fallax",2024,2,"Australia","PRESENT",46,"iNaturalist research-grade observations","50c9509d-22c7-4a22-a47d-8c48425ef4a7"
"55",151.113827,-33.77182,NA,"Litoria fallax",2024,2,"Australia","PRESENT",109,"iNaturalist research-grade observations","50c9509d-22c7-4a22-a47d-8c48425ef4a7"
"56",151.113825,-33.771786,NA,"Litoria fallax",2024,2,"Australia","PRESENT",75,"iNaturalist research-grade observations","50c9509d-22c7-4a22-a47d-8c48425ef4a7"
"57",151.11378,-33.771788,NA,"Litoria fallax",2024,2,"Australia","PRESENT",88,"iNaturalist research-grade observations","50c9509d-22c7-4a22-a47d-8c48425ef4a7"
"58",151.113592,-33.771889,NA,"Litoria fallax",2024,2,"Australia","PRESENT",74,"iNaturalist research-grade observations","50c9509d-22c7-4a22-a47d-8c48425ef4a7"
"59",151.113527,-33.771988,NA,"Litoria fallax",2024,2,"Australia","PRESENT",44,"iNaturalist research-grade observations","50c9509d-22c7-4a22-a47d-8c48425ef4a7"
"60",151.113282,-33.772129,NA,"Litoria fallax",2024,2,"Australia","PRESENT",29,"iNaturalist research-grade observations","50c9509d-22c7-4a22-a47d-8c48425ef4a7"
"61",151.113343,-33.772076,NA,"Litoria fallax",2024,2,"Australia","PRESENT",80,"iNaturalist research-grade observations","50c9509d-22c7-4a22-a47d-8c48425ef4a7"
"62",153.08545,-26.407837,NA,"Litoria fallax",2024,2,"Australia","PRESENT",4,"iNaturalist research-grade observations","50c9509d-22c7-4a22-a47d-8c48425ef4a7"
"63",151.113164,-33.772297,NA,"Litoria fallax",2024,2,"Australia","PRESENT",4,"iNaturalist research-grade observations","50c9509d-22c7-4a22-a47d-8c48425ef4a7"
"64",151.113802,-33.771874,NA,"Litoria fallax",2024,2,"Australia","PRESENT",8,"iNaturalist research-grade observations","50c9509d-22c7-4a22-a47d-8c48425ef4a7"
"65",151.114564,-33.77083,NA,"Litoria fallax",2024,2,"Australia","PRESENT",4,"iNaturalist research-grade observations","50c9509d-22c7-4a22-a47d-8c48425ef4a7"
"66",151.114089,-33.771737,NA,"Litoria fallax",2024,2,"Australia","PRESENT",20,"iNaturalist research-grade observations","50c9509d-22c7-4a22-a47d-8c48425ef4a7"
"67",152.943178,-26.632303,NA,"Litoria fallax",2024,2,"Australia","PRESENT",4,"iNaturalist research-grade observations","50c9509d-22c7-4a22-a47d-8c48425ef4a7"
"68",152.454599,-32.226047,NA,"Litoria fallax",2024,2,"Australia","PRESENT",4,"iNaturalist research-grade observations","50c9509d-22c7-4a22-a47d-8c48425ef4a7"
"69",151.369963,-33.508653,NA,"Litoria fallax",2024,2,"Australia","PRESENT",3,"iNaturalist research-grade observations","50c9509d-22c7-4a22-a47d-8c48425ef4a7"
"70",152.599759,-26.401551,NA,"Litoria fallax",2024,2,"Australia","PRESENT",23,"iNaturalist research-grade observations","50c9509d-22c7-4a22-a47d-8c48425ef4a7"
"71",153.02628,-30.887852,NA,"Litoria fallax",2024,2,"Australia","PRESENT",24,"iNaturalist research-grade observations","50c9509d-22c7-4a22-a47d-8c48425ef4a7"
"72",153.066464,-27.539582,NA,"Litoria fallax",2024,2,"Australia","PRESENT",69,"iNaturalist research-grade observations","50c9509d-22c7-4a22-a47d-8c48425ef4a7"
"73",151.29373,-33.481862,NA,"Litoria fallax",2024,2,"Australia","PRESENT",18,"iNaturalist research-grade observations","50c9509d-22c7-4a22-a47d-8c48425ef4a7"
"74",151.113913,-33.771783,NA,"Litoria fallax",2024,2,"Australia","PRESENT",24,"iNaturalist research-grade observations","50c9509d-22c7-4a22-a47d-8c48425ef4a7"
"75",151.617284,-30.746487,NA,"Litoria fallax",2024,2,"Australia","PRESENT",176,"iNaturalist research-grade observations","50c9509d-22c7-4a22-a47d-8c48425ef4a7"
"76",151.113712,-33.771972,NA,"Litoria fallax",2024,2,"Australia","PRESENT",8,"iNaturalist research-grade observations","50c9509d-22c7-4a22-a47d-8c48425ef4a7"
"77",151.113316,-33.772181,NA,"Litoria fallax",2024,2,"Australia","PRESENT",15,"iNaturalist research-grade observations","50c9509d-22c7-4a22-a47d-8c48425ef4a7"
"78",151.242783,-33.736908,NA,"Litoria fallax",2024,2,"Australia","PRESENT",3,"iNaturalist research-grade observations","50c9509d-22c7-4a22-a47d-8c48425ef4a7"
"79",151.113906,-33.77183,NA,"Litoria fallax",2024,2,"Australia","PRESENT",4,"iNaturalist research-grade observations","50c9509d-22c7-4a22-a47d-8c48425ef4a7"
"80",151.129806,-33.335863,NA,"Litoria fallax",2024,2,"Australia","PRESENT",4,"iNaturalist research-grade observations","50c9509d-22c7-4a22-a47d-8c48425ef4a7"
"81",151.836992,-30.53228,NA,"Litoria fallax",2024,2,"Australia","PRESENT",4,"iNaturalist research-grade observations","50c9509d-22c7-4a22-a47d-8c48425ef4a7"
"82",152.694741,-25.271981,NA,"Litoria fallax",2024,2,"Australia","PRESENT",3,"iNaturalist research-grade observations","50c9509d-22c7-4a22-a47d-8c48425ef4a7"
"83",151.247387,-33.933553,NA,"Litoria fallax",2024,2,"Australia","PRESENT",39,"iNaturalist research-grade observations","50c9509d-22c7-4a22-a47d-8c48425ef4a7"
"84",151.113563,-33.772165,NA,"Litoria fallax",2024,2,"Australia","PRESENT",31,"iNaturalist research-grade observations","50c9509d-22c7-4a22-a47d-8c48425ef4a7"
"85",151.113732,-33.772053,NA,"Litoria fallax",2024,2,"Australia","PRESENT",15,"iNaturalist research-grade observations","50c9509d-22c7-4a22-a47d-8c48425ef4a7"
"86",151.113419,-33.772106,NA,"Litoria fallax",2024,2,"Australia","PRESENT",31,"iNaturalist research-grade observations","50c9509d-22c7-4a22-a47d-8c48425ef4a7"
"87",152.93,-26.387778,NA,"Litoria fallax",2024,2,"Australia","PRESENT",186,"iNaturalist research-grade observations","50c9509d-22c7-4a22-a47d-8c48425ef4a7"
"88",153.149198,-27.469359,NA,"Litoria fallax",2024,2,"Australia","PRESENT",72,"iNaturalist research-grade observations","50c9509d-22c7-4a22-a47d-8c48425ef4a7"
"89",152.947237,-26.698137,NA,"Litoria fallax",2024,2,"Australia","PRESENT",4,"iNaturalist research-grade observations","50c9509d-22c7-4a22-a47d-8c48425ef4a7"
"90",153.016022,-27.500095,NA,"Litoria fallax",2024,2,"Australia","PRESENT",4,"iNaturalist research-grade observations","50c9509d-22c7-4a22-a47d-8c48425ef4a7"
"91",145.749455,-16.90014,NA,"Litoria fallax",2024,3,"Australia","PRESENT",8,"iNaturalist research-grade observations","50c9509d-22c7-4a22-a47d-8c48425ef4a7"
"92",150.46138,-35.328238,NA,"Litoria fallax",2024,3,"Australia","PRESENT",4,"iNaturalist research-grade observations","50c9509d-22c7-4a22-a47d-8c48425ef4a7"
"93",153.111923,-25.964638,NA,"Litoria fallax",2024,3,"Australia","PRESENT",31,"iNaturalist research-grade observations","50c9509d-22c7-4a22-a47d-8c48425ef4a7"
"94",153.111772,-25.964831,NA,"Litoria fallax",2024,3,"Australia","PRESENT",15,"iNaturalist research-grade observations","50c9509d-22c7-4a22-a47d-8c48425ef4a7"
"95",151.113481,-33.772084,NA,"Litoria fallax",2024,3,"Australia","PRESENT",4,"iNaturalist research-grade observations","50c9509d-22c7-4a22-a47d-8c48425ef4a7"
"96",151.11322,-33.77215,NA,"Litoria fallax",2024,3,"Australia","PRESENT",8,"iNaturalist research-grade observations","50c9509d-22c7-4a22-a47d-8c48425ef4a7"
"97",151.113077,-33.772438,NA,"Litoria fallax",2024,3,"Australia","PRESENT",2,"iNaturalist research-grade observations","50c9509d-22c7-4a22-a47d-8c48425ef4a7"
"98",152.9245,-27.359078,NA,"Litoria fallax",2024,3,"Australia","PRESENT",3,"iNaturalist research-grade observations","50c9509d-22c7-4a22-a47d-8c48425ef4a7"
"99",151.113723,-33.771934,NA,"Litoria fallax",2024,3,"Australia","PRESENT",70,"iNaturalist research-grade observations","50c9509d-22c7-4a22-a47d-8c48425ef4a7"
"100",151.113461,-33.772172,NA,"Litoria fallax",2024,3,"Australia","PRESENT",126,"iNaturalist research-grade observations","50c9509d-22c7-4a22-a47d-8c48425ef4a7"
"101",151.113429,-33.772112,NA,"Litoria fallax",2024,3,"Australia","PRESENT",136,"iNaturalist research-grade observations","50c9509d-22c7-4a22-a47d-8c48425ef4a7"
"102",152.339207,-27.554913,NA,"Litoria fallax",2024,3,"Australia","PRESENT",28,"iNaturalist research-grade observations","50c9509d-22c7-4a22-a47d-8c48425ef4a7"
"103",153.02628,-30.887852,NA,"Litoria fallax",2024,3,"Australia","PRESENT",24,"iNaturalist research-grade observations","50c9509d-22c7-4a22-a47d-8c48425ef4a7"
"104",151.836957,-30.531896,NA,"Litoria fallax",2024,3,"Australia","PRESENT",13,"iNaturalist research-grade observations","50c9509d-22c7-4a22-a47d-8c48425ef4a7"
"105",151.114561,-33.770831,NA,"Litoria fallax",2024,3,"Australia","PRESENT",15,"iNaturalist research-grade observations","50c9509d-22c7-4a22-a47d-8c48425ef4a7"
"106",151.114089,-33.771258,NA,"Litoria fallax",2024,3,"Australia","PRESENT",8,"iNaturalist research-grade observations","50c9509d-22c7-4a22-a47d-8c48425ef4a7"
"107",151.113747,-33.772117,NA,"Litoria fallax",2024,3,"Australia","PRESENT",8,"iNaturalist research-grade observations","50c9509d-22c7-4a22-a47d-8c48425ef4a7"
"108",151.113494,-33.772071,NA,"Litoria fallax",2024,3,"Australia","PRESENT",8,"iNaturalist research-grade observations","50c9509d-22c7-4a22-a47d-8c48425ef4a7"
"109",151.193373,-33.905897,NA,"Litoria fallax",2024,3,"Australia","PRESENT",163,"iNaturalist research-grade observations","50c9509d-22c7-4a22-a47d-8c48425ef4a7"
"110",151.230842,-33.104267,NA,"Litoria fallax",2024,3,"Australia","PRESENT",199,"iNaturalist research-grade observations","50c9509d-22c7-4a22-a47d-8c48425ef4a7"
"111",151.113606,-33.771961,NA,"Litoria fallax",2024,3,"Australia","PRESENT",50,"iNaturalist research-grade observations","50c9509d-22c7-4a22-a47d-8c48425ef4a7"
"112",151.113882,-33.771911,NA,"Litoria fallax",2024,3,"Australia","PRESENT",37,"iNaturalist research-grade observations","50c9509d-22c7-4a22-a47d-8c48425ef4a7"
"113",151.113221,-33.772143,NA,"Litoria fallax",2024,3,"Australia","PRESENT",22,"iNaturalist research-grade observations","50c9509d-22c7-4a22-a47d-8c48425ef4a7"
"114",151.113423,-33.772064,NA,"Litoria fallax",2024,3,"Australia","PRESENT",38,"iNaturalist research-grade observations","50c9509d-22c7-4a22-a47d-8c48425ef4a7"
"115",151.113338,-33.771995,NA,"Litoria fallax",2024,3,"Australia","PRESENT",141,"iNaturalist research-grade observations","50c9509d-22c7-4a22-a47d-8c48425ef4a7"
"116",151.113192,-33.772156,NA,"Litoria fallax",2024,3,"Australia","PRESENT",24,"iNaturalist research-grade observations","50c9509d-22c7-4a22-a47d-8c48425ef4a7"
"117",151.113263,-33.772142,NA,"Litoria fallax",2024,3,"Australia","PRESENT",24,"iNaturalist research-grade observations","50c9509d-22c7-4a22-a47d-8c48425ef4a7"
"118",151.113325,-33.772054,NA,"Litoria fallax",2024,3,"Australia","PRESENT",63,"iNaturalist research-grade observations","50c9509d-22c7-4a22-a47d-8c48425ef4a7"
"119",151.113569,-33.771953,NA,"Litoria fallax",2024,3,"Australia","PRESENT",24,"iNaturalist research-grade observations","50c9509d-22c7-4a22-a47d-8c48425ef4a7"
"120",151.113595,-33.771983,NA,"Litoria fallax",2024,3,"Australia","PRESENT",24,"iNaturalist research-grade observations","50c9509d-22c7-4a22-a47d-8c48425ef4a7"
"121",153.004394,-27.499388,NA,"Litoria fallax",2024,3,"Australia","PRESENT",6,"iNaturalist research-grade observations","50c9509d-22c7-4a22-a47d-8c48425ef4a7"
"122",152.976218,-27.475361,NA,"Litoria fallax",2024,3,"Australia","PRESENT",19,"iNaturalist research-grade observations","50c9509d-22c7-4a22-a47d-8c48425ef4a7"
"123",153.004319,-27.499447,NA,"Litoria fallax",2024,3,"Australia","PRESENT",15,"iNaturalist research-grade observations","50c9509d-22c7-4a22-a47d-8c48425ef4a7"
"124",153.164445,-27.093047,NA,"Litoria fallax",2024,3,"Australia","PRESENT",5,"iNaturalist research-grade observations","50c9509d-22c7-4a22-a47d-8c48425ef4a7"
"125",151.113813,-33.772021,NA,"Litoria fallax",2024,3,"Australia","PRESENT",24,"iNaturalist research-grade observations","50c9509d-22c7-4a22-a47d-8c48425ef4a7"
"126",151.113807,-33.772022,NA,"Litoria fallax",2024,3,"Australia","PRESENT",24,"iNaturalist research-grade observations","50c9509d-22c7-4a22-a47d-8c48425ef4a7"
"127",151.113746,-33.772096,NA,"Litoria fallax",2024,3,"Australia","PRESENT",26,"iNaturalist research-grade observations","50c9509d-22c7-4a22-a47d-8c48425ef4a7"
"128",151.177995,-33.707272,NA,"Litoria fallax",2024,3,"Australia","PRESENT",5,"iNaturalist research-grade observations","50c9509d-22c7-4a22-a47d-8c48425ef4a7"
"129",151.042847,-33.644045,NA,"Litoria fallax",2024,3,"Australia","PRESENT",4,"iNaturalist research-grade observations","50c9509d-22c7-4a22-a47d-8c48425ef4a7"
"130",152.976291,-27.475383,NA,"Litoria fallax",2024,3,"Australia","PRESENT",34,"iNaturalist research-grade observations","50c9509d-22c7-4a22-a47d-8c48425ef4a7"
"131",152.976218,-27.475303,NA,"Litoria fallax",2024,3,"Australia","PRESENT",19,"iNaturalist research-grade observations","50c9509d-22c7-4a22-a47d-8c48425ef4a7"
"132",151.113556,-33.771972,NA,"Litoria fallax",2024,3,"Australia","PRESENT",3,"iNaturalist research-grade observations","50c9509d-22c7-4a22-a47d-8c48425ef4a7"
"133",151.113795,-33.772055,NA,"Litoria fallax",2024,3,"Australia","PRESENT",6,"iNaturalist research-grade observations","50c9509d-22c7-4a22-a47d-8c48425ef4a7"
"134",145.485512,-37.827652,NA,"Litoria fallax",2024,4,"Australia","PRESENT",22,"iNaturalist research-grade observations","50c9509d-22c7-4a22-a47d-8c48425ef4a7"
"135",153.083984,-27.648225,NA,"Litoria fallax",2024,4,"Australia","PRESENT",15,"iNaturalist research-grade observations","50c9509d-22c7-4a22-a47d-8c48425ef4a7"
"136",153.08397,-27.648138,NA,"Litoria fallax",2024,4,"Australia","PRESENT",4,"iNaturalist research-grade observations","50c9509d-22c7-4a22-a47d-8c48425ef4a7"
"137",151.247683,-33.930288,NA,"Litoria fallax",2024,4,"Australia","PRESENT",46,"iNaturalist research-grade observations","50c9509d-22c7-4a22-a47d-8c48425ef4a7"
"138",153.084194,-27.647975,NA,"Litoria fallax",2024,4,"Australia","PRESENT",10,"iNaturalist research-grade observations","50c9509d-22c7-4a22-a47d-8c48425ef4a7"
"139",152.271783,-27.571035,NA,"Litoria fallax",2024,4,"Australia","PRESENT",134,"iNaturalist research-grade observations","50c9509d-22c7-4a22-a47d-8c48425ef4a7"
"140",153.540107,-28.217454,NA,"Litoria fallax",2024,4,"Australia","PRESENT",4,"iNaturalist research-grade observations","50c9509d-22c7-4a22-a47d-8c48425ef4a7"
"141",145.127788,-38.009228,NA,"Litoria fallax",2024,4,"Australia","PRESENT",5,"iNaturalist research-grade observations","50c9509d-22c7-4a22-a47d-8c48425ef4a7"
"142",145.482447,-37.831263,NA,"Litoria fallax",2024,4,"Australia","PRESENT",9,"iNaturalist research-grade observations","50c9509d-22c7-4a22-a47d-8c48425ef4a7"
"143",152.694388,-25.316644,NA,"Litoria fallax",2024,4,"Australia","PRESENT",185,"iNaturalist research-grade observations","50c9509d-22c7-4a22-a47d-8c48425ef4a7"
"144",151.163535,-33.925839,NA,"Litoria fallax",2024,4,"Australia","PRESENT",14,"iNaturalist research-grade observations","50c9509d-22c7-4a22-a47d-8c48425ef4a7"
"145",153.014803,-27.500402,NA,"Litoria fallax",2024,4,"Australia","PRESENT",5,"iNaturalist research-grade observations","50c9509d-22c7-4a22-a47d-8c48425ef4a7"
"146",151.222391,-33.935284,NA,"Litoria fallax",2024,4,"Australia","PRESENT",195,"iNaturalist research-grade observations","50c9509d-22c7-4a22-a47d-8c48425ef4a7"
"147",153.02628,-30.887852,NA,"Litoria fallax",2024,4,"Australia","PRESENT",24,"iNaturalist research-grade observations","50c9509d-22c7-4a22-a47d-8c48425ef4a7"
"148",152.566969,-25.117531,NA,"Litoria fallax",2024,4,"Australia","PRESENT",10,"iNaturalist research-grade observations","50c9509d-22c7-4a22-a47d-8c48425ef4a7"
"149",153.102284,-27.734655,NA,"Litoria fallax",2024,4,"Australia","PRESENT",21,"iNaturalist research-grade observations","50c9509d-22c7-4a22-a47d-8c48425ef4a7"
"150",150.162231,-35.752967,NA,"Litoria fallax",2024,4,"Australia","PRESENT",10,"iNaturalist research-grade observations","50c9509d-22c7-4a22-a47d-8c48425ef4a7"
"151",150.61853,-34.894622,NA,"Litoria fallax",2024,4,"Australia","PRESENT",12,"iNaturalist research-grade observations","50c9509d-22c7-4a22-a47d-8c48425ef4a7"
"152",152.929836,-26.387745,NA,"Litoria fallax",2024,4,"Australia","PRESENT",8,"iNaturalist research-grade observations","50c9509d-22c7-4a22-a47d-8c48425ef4a7"
"153",151.113772,-33.772089,NA,"Litoria fallax",2024,4,"Australia","PRESENT",15,"iNaturalist research-grade observations","50c9509d-22c7-4a22-a47d-8c48425ef4a7"
"154",151.724416,-32.861447,NA,"Litoria fallax",2024,4,"Australia","PRESENT",15,"iNaturalist research-grade observations","50c9509d-22c7-4a22-a47d-8c48425ef4a7"
"155",151.722037,-32.860566,NA,"Litoria fallax",2024,4,"Australia","PRESENT",31,"iNaturalist research-grade observations","50c9509d-22c7-4a22-a47d-8c48425ef4a7"
"156",153.084134,-27.647978,NA,"Litoria fallax",2024,4,"Australia","PRESENT",9,"iNaturalist research-grade observations","50c9509d-22c7-4a22-a47d-8c48425ef4a7"
"157",153.084094,-27.648009,NA,"Litoria fallax",2024,4,"Australia","PRESENT",4,"iNaturalist research-grade observations","50c9509d-22c7-4a22-a47d-8c48425ef4a7"
"158",150.162247,-35.753012,NA,"Litoria fallax",2024,4,"Australia","PRESENT",4,"iNaturalist research-grade observations","50c9509d-22c7-4a22-a47d-8c48425ef4a7"
"159",151.350129,-29.779818,NA,"Litoria fallax",2024,5,"Australia","PRESENT",8,"iNaturalist research-grade observations","50c9509d-22c7-4a22-a47d-8c48425ef4a7"
"160",151.168122,-33.879108,NA,"Litoria fallax",2024,5,"Australia","PRESENT",43,"iNaturalist research-grade observations","50c9509d-22c7-4a22-a47d-8c48425ef4a7"
"161",153.056986,-27.310827,NA,"Litoria fallax",2024,5,"Australia","PRESENT",37,"iNaturalist research-grade observations","50c9509d-22c7-4a22-a47d-8c48425ef4a7"
"162",150.708542,-33.737412,NA,"Litoria fallax",2024,5,"Australia","PRESENT",35,"iNaturalist research-grade observations","50c9509d-22c7-4a22-a47d-8c48425ef4a7"
"163",152.86767,-26.48611,NA,"Litoria fallax",2024,5,"Australia","PRESENT",108,"iNaturalist research-grade observations","50c9509d-22c7-4a22-a47d-8c48425ef4a7"
"164",153.02628,-30.887852,NA,"Litoria fallax",2024,5,"Australia","PRESENT",24,"iNaturalist research-grade observations","50c9509d-22c7-4a22-a47d-8c48425ef4a7"
"165",146.87915,-36.325113,NA,"Litoria fallax",2024,5,"Australia","PRESENT",4,"iNaturalist research-grade observations","50c9509d-22c7-4a22-a47d-8c48425ef4a7"
"166",153.063129,-27.314567,NA,"Litoria fallax",2024,5,"Australia","PRESENT",8,"iNaturalist research-grade observations","50c9509d-22c7-4a22-a47d-8c48425ef4a7"
"167",148.955399,-20.344507,NA,"Litoria fallax",2024,5,"Australia","PRESENT",82,"iNaturalist research-grade observations","50c9509d-22c7-4a22-a47d-8c48425ef4a7"
"168",153.05043,-27.310688,NA,"Litoria fallax",2024,5,"Australia","PRESENT",15,"iNaturalist research-grade observations","50c9509d-22c7-4a22-a47d-8c48425ef4a7"
"169",152.102495,-27.568797,NA,"Litoria fallax",2024,6,"Australia","PRESENT",4,"iNaturalist research-grade observations","50c9509d-22c7-4a22-a47d-8c48425ef4a7"
"170",151.246462,-33.93163,NA,"Litoria fallax",2024,6,"Australia","PRESENT",4,"iNaturalist research-grade observations","50c9509d-22c7-4a22-a47d-8c48425ef4a7"
"171",153.053933,-27.319781,NA,"Litoria fallax",2024,6,"Australia","PRESENT",2,"iNaturalist research-grade observations","50c9509d-22c7-4a22-a47d-8c48425ef4a7"
"172",152.334183,-24.857295,NA,"Litoria fallax",2024,6,"Australia","PRESENT",18,"iNaturalist research-grade observations","50c9509d-22c7-4a22-a47d-8c48425ef4a7"
"173",153.180182,-27.662076,NA,"Litoria fallax",2024,6,"Australia","PRESENT",15,"iNaturalist research-grade observations","50c9509d-22c7-4a22-a47d-8c48425ef4a7"
"174",153.180184,-27.66208,NA,"Litoria fallax",2024,6,"Australia","PRESENT",1,"iNaturalist research-grade observations","50c9509d-22c7-4a22-a47d-8c48425ef4a7"
"175",151.592604,-32.916488,NA,"Litoria fallax",2024,7,"Australia","PRESENT",27,"iNaturalist research-grade observations","50c9509d-22c7-4a22-a47d-8c48425ef4a7"
"176",151.11381,-33.772048,NA,"Litoria fallax",2024,7,"Australia","PRESENT",4,"iNaturalist research-grade observations","50c9509d-22c7-4a22-a47d-8c48425ef4a7"
"177",152.91368,-27.090308,NA,"Litoria fallax",2024,7,"Australia","PRESENT",15,"iNaturalist research-grade observations","50c9509d-22c7-4a22-a47d-8c48425ef4a7"
"178",152.913803,-27.090333,NA,"Litoria fallax",2024,7,"Australia","PRESENT",9,"iNaturalist research-grade observations","50c9509d-22c7-4a22-a47d-8c48425ef4a7"
"179",153.045167,-26.703953,NA,"Litoria fallax",2024,7,"Australia","PRESENT",4,"iNaturalist research-grade observations","50c9509d-22c7-4a22-a47d-8c48425ef4a7"
"180",153.015695,-27.498811,NA,"Litoria fallax",2024,8,"Australia","PRESENT",5,"iNaturalist research-grade observations","50c9509d-22c7-4a22-a47d-8c48425ef4a7"
"181",152.819182,-31.112403,NA,"Litoria fallax",2024,8,"Australia","PRESENT",13,"iNaturalist research-grade observations","50c9509d-22c7-4a22-a47d-8c48425ef4a7"
"182",151.21085,-23.881607,NA,"Litoria fallax",2024,8,"Australia","PRESENT",7,"iNaturalist research-grade observations","50c9509d-22c7-4a22-a47d-8c48425ef4a7"
"183",151.210814,-23.881628,NA,"Litoria fallax",2024,8,"Australia","PRESENT",23,"iNaturalist research-grade observations","50c9509d-22c7-4a22-a47d-8c48425ef4a7"
"184",145.219958,-37.845008,NA,"Litoria fallax",2024,8,"Australia","PRESENT",10,"iNaturalist research-grade observations","50c9509d-22c7-4a22-a47d-8c48425ef4a7"
"185",152.543472,-27.032819,NA,"Litoria fallax",2024,8,"Australia","PRESENT",4,"iNaturalist research-grade observations","50c9509d-22c7-4a22-a47d-8c48425ef4a7"
"186",152.907775,-26.850103,NA,"Litoria fallax",2024,8,"Australia","PRESENT",4,"iNaturalist research-grade observations","50c9509d-22c7-4a22-a47d-8c48425ef4a7"
"187",150.807554,-33.549755,NA,"Litoria fallax",2024,8,"Australia","PRESENT",66,"iNaturalist research-grade observations","50c9509d-22c7-4a22-a47d-8c48425ef4a7"
"188",153.021408,-26.778508,NA,"Litoria fallax",2024,8,"Australia","PRESENT",24,"iNaturalist research-grade observations","50c9509d-22c7-4a22-a47d-8c48425ef4a7"
"189",151.113098,-33.772258,NA,"Litoria fallax",2024,8,"Australia","PRESENT",10,"iNaturalist research-grade observations","50c9509d-22c7-4a22-a47d-8c48425ef4a7"
"190",151.890154,-27.467072,NA,"Litoria fallax",2024,8,"Australia","PRESENT",2,"iNaturalist research-grade observations","50c9509d-22c7-4a22-a47d-8c48425ef4a7"
"191",152.931907,-26.667304,NA,"Litoria fallax",2024,8,"Australia","PRESENT",37,"iNaturalist research-grade observations","50c9509d-22c7-4a22-a47d-8c48425ef4a7"
"192",151.210811,-23.88176,NA,"Litoria fallax",2024,8,"Australia","PRESENT",8,"iNaturalist research-grade observations","50c9509d-22c7-4a22-a47d-8c48425ef4a7"
"193",152.932087,-26.66733,NA,"Litoria fallax",2024,8,"Australia","PRESENT",22,"iNaturalist research-grade observations","50c9509d-22c7-4a22-a47d-8c48425ef4a7"
"194",152.932016,-26.667295,NA,"Litoria fallax",2024,8,"Australia","PRESENT",22,"iNaturalist research-grade observations","50c9509d-22c7-4a22-a47d-8c48425ef4a7"
"195",150.728805,-33.79948,NA,"Litoria fallax",2024,8,"Australia","PRESENT",4,"iNaturalist research-grade observations","50c9509d-22c7-4a22-a47d-8c48425ef4a7"
"196",153.147383,-27.434467,NA,"Litoria fallax",2024,8,"Australia","PRESENT",4,"iNaturalist research-grade observations","50c9509d-22c7-4a22-a47d-8c48425ef4a7"
"197",153.244309,-27.507179,NA,"Litoria fallax",2024,8,"Australia","PRESENT",33,"iNaturalist research-grade observations","50c9509d-22c7-4a22-a47d-8c48425ef4a7"
"198",151.113796,-33.772048,NA,"Litoria fallax",2024,8,"Australia","PRESENT",8,"iNaturalist research-grade observations","50c9509d-22c7-4a22-a47d-8c48425ef4a7"
"199",151.071662,-33.837501,NA,"Litoria fallax",2024,8,"Australia","PRESENT",75,"iNaturalist research-grade observations","50c9509d-22c7-4a22-a47d-8c48425ef4a7"
"200",151.075574,-33.836529,NA,"Litoria fallax",2024,8,"Australia","PRESENT",124,"iNaturalist research-grade observations","50c9509d-22c7-4a22-a47d-8c48425ef4a7"
"201",151.113546,-33.772059,NA,"Litoria fallax",2024,8,"Australia","PRESENT",18,"iNaturalist research-grade observations","50c9509d-22c7-4a22-a47d-8c48425ef4a7"
"202",152.45486,-32.225878,NA,"Litoria fallax",2024,8,"Australia","PRESENT",2,"iNaturalist research-grade observations","50c9509d-22c7-4a22-a47d-8c48425ef4a7"
"203",153.200775,-27.760792,NA,"Litoria fallax",2024,8,"Australia","PRESENT",7,"iNaturalist research-grade observations","50c9509d-22c7-4a22-a47d-8c48425ef4a7"
"204",151.31623,-32.752764,NA,"Litoria fallax",2024,8,"Australia","PRESENT",53,"iNaturalist research-grade observations","50c9509d-22c7-4a22-a47d-8c48425ef4a7"
"205",152.970505,-27.472901,NA,"Litoria fallax",2024,8,"Australia","PRESENT",15,"iNaturalist research-grade observations","50c9509d-22c7-4a22-a47d-8c48425ef4a7"
"206",151.175023,-33.708036,NA,"Litoria fallax",2024,8,"Australia","PRESENT",8,"iNaturalist research-grade observations","50c9509d-22c7-4a22-a47d-8c48425ef4a7"
"207",151.177408,-33.70736,NA,"Litoria fallax",2024,8,"Australia","PRESENT",12,"iNaturalist research-grade observations","50c9509d-22c7-4a22-a47d-8c48425ef4a7"
"208",151.707846,-32.629567,NA,"Litoria fallax",2024,9,"Australia","PRESENT",5,"iNaturalist research-grade observations","50c9509d-22c7-4a22-a47d-8c48425ef4a7"
"209",153.028228,-27.53027,NA,"Litoria fallax",2024,9,"Australia","PRESENT",4,"iNaturalist research-grade observations","50c9509d-22c7-4a22-a47d-8c48425ef4a7"
"210",152.817012,-27.811302,NA,"Litoria fallax",2024,9,"Australia","PRESENT",25,"iNaturalist research-grade observations","50c9509d-22c7-4a22-a47d-8c48425ef4a7"
"211",153.02628,-30.887852,NA,"Litoria fallax",2024,9,"Australia","PRESENT",24,"iNaturalist research-grade observations","50c9509d-22c7-4a22-a47d-8c48425ef4a7"
"212",152.694788,-25.78889,NA,"Litoria fallax",2024,9,"Australia","PRESENT",15,"iNaturalist research-grade observations","50c9509d-22c7-4a22-a47d-8c48425ef4a7"
